User IDs;Eye color
4192;Blue
5775;Blue
12299;Green
17;Green
1491;Green
5810;Brown
4694;Green
4173;Blue-grey
2133;Brown
3642;Blue
6363;Blue
1233;Brown
845;Brown
7611;Brown
2662;Brown
8818;Brown
5267;Green
10383;Blue-grey
1952;Brown
5199;Blue
4732;Green
1081;Brown
123;Blue
10919;Blue
5961;Brown
2732;Brown
5830;Brown
8977;Green
862;Brown
2116;Blue-grey
1970;Blue
10572;Blue-grey
909;Blue
5536;Brown
7141;Brown
10489;Blue-grey
6187;Blue
4594;Blue
141;Brown
9023;Brown
12863;Blue-grey
3224;Green
9220;Brown
10420;Blue-grey
8336;Brown
11515;Green
5506;Brown
4646;Brown
3357;Brown
1600;Blue
8466;Blue-grey
13266;Brown
74;Blue
7184;Green
22;Green
6873;Brown
5176;Blue
9079;Brown
3782;Blue
5249;Blue-grey
915;Blue
2004;Blue-grey
4428;Brown
1092;Blue
4667;Brown
8202;Green
4833;Brown
3882;Blue
836;Blue-grey
7360;Brown
8246;Blue
55;Blue
2275;Green
4143;Blue
5233;Blue
4644;Brown
268;Brown
2881;Green
7688;Green
1963;Brown
8476;Green
3780;Brown
1010;Brown
11393;Blue-grey
607;Blue
1678;Brown
7761;Blue-grey
311;Brown
782;Green
279;Brown
574;Blue
664;Brown
6733;Brown
11360;Brown
12562;Green
4171;Brown
5167;Brown
9539;Brown
411;Blue
5628;Blue-grey
4814;Brown
7228;Blue-grey
11053;Blue
7888;Green
8864;Blue
2203;Blue
9906;Green
5485;Brown
1426;Green
2053;Brown
4185;Brown
5790;Blue
9672;Blue
3881;Green
758;Blue
2651;Blue
8237;Blue
8529;Blue
2513;Brown
2199;Green
7493;Green
11013;Green
748;Brown
7053;Blue-grey
6020;Brown
287;Green
7967;Blue-grey
5170;Green
1183;Brown
4135;Blue-grey
3395;Brown
2278;Blue-grey
3394;Brown
2759;Brown
11076;Blue-grey
9468;Green
925;Blue
721;Blue-grey
9215;Blue
5397;Blue-grey
488;Brown
5326;Blue-grey
345;Blue-grey
1470;Brown
775;Blue
4056;Blue-grey
4568;Blue
2557;Brown
1259;Brown
349;Green
8592;Green
4018;Brown
1420;Brown
5973;Brown
8403;Blue
9195;Blue-grey
5881;Brown
2339;Blue-grey
2694;Brown
3244;Green
6927;Blue-grey
11432;Brown
9276;Blue
6936;Brown
533;Blue
6617;Green
262;Brown
9380;Green
4998;Brown
8499;Brown
776;Blue
7549;Brown
6117;Brown
11441;Blue
495;Green
323;Brown
5195;Brown
4012;Brown
10093;Brown
912;Blue
3858;Blue-grey
10127;Green
4176;Brown
6861;Blue
203;Brown
4880;Brown
1379;Blue-grey
341;Blue-grey
8052;Brown
2304;Blue
1472;Brown
6731;Blue-grey
40;Blue
1494;Blue
12665;Brown
4954;Blue
7597;Brown
945;Blue-grey
9430;Blue-grey
2998;Brown
3531;Blue
1647;Green
4917;Blue
5263;Brown
637;Green
9324;Blue
2362;Green
7362;Brown
189;Brown
6124;Brown
5672;Blue-grey
7307;Green
8675;Green
276;Brown
2291;Blue-grey
8588;Blue
6035;Blue-grey
4297;Blue-grey
294;Blue
7072;Blue-grey
72;Brown
3833;Green
4212;Blue
10575;Brown
4962;Blue
5666;Blue
1111;Blue-grey
924;Brown
3728;Brown
11529;Brown
7616;Brown
5048;Blue
8217;Blue
13114;Blue-grey
918;Brown
13;Brown
6677;Blue-grey
2412;Blue-grey
10080;Green
3004;Blue-grey
4910;Blue-grey
8905;Blue
3532;Green
10897;Blue-grey
4010;Brown
920;Brown
3085;Brown
11509;Brown
2239;Brown
3979;Brown
678;Brown
754;Brown
216;Blue
1968;Blue
7568;Blue-grey
1459;Blue
6667;Green
644;Brown
10448;Blue-grey
813;Brown
6971;Green
1028;Blue
2960;Brown
1147;Blue
11867;Brown
1802;Blue
990;Blue
6105;Blue-grey
5213;Blue
6013;Blue-grey
10097;Blue
4320;Brown
7014;Blue-grey
6335;Blue
1996;Brown
646;Blue-grey
3393;Brown
10232;Brown
7876;Blue-grey
4204;Blue
4632;Brown
2748;Blue-grey
8796;Blue-grey
1163;Brown
13313;Blue
3043;Brown
7376;Blue
669;Blue
8915;Blue-grey
8933;Blue-grey
966;Brown
5362;Blue-grey
13084;Brown
951;Brown
11753;Blue-grey
11875;Blue
4399;Green
7567;Blue-grey
610;Brown
7953;Brown
440;Brown
1325;Green
5073;Green
3821;Green
4604;Brown
7923;Blue
3622;Brown
5884;Blue
10106;Blue-grey
2236;Brown
675;Brown
6108;Blue
9516;Brown
5221;Green
58;Blue
1537;Brown
9126;Blue-grey
2645;Brown
6634;Green
3078;Blue
7232;Blue-grey
4756;Blue
4672;Brown
4290;Brown
8427;Brown
4605;Brown
4048;Brown
8274;Brown
1033;Brown
7163;Blue
9519;Blue-grey
3954;Blue-grey
6738;Brown
4032;Brown
3942;Blue-grey
9796;Blue-grey
1735;Brown
1034;Brown
5557;Brown
1514;Blue
6690;Blue
792;Brown
3655;Green
483;Brown
8841;Brown
1103;Blue
10414;Brown
3193;Blue-grey
202;Blue
5723;Brown
5478;Blue-grey
2574;Brown
7403;Green
3375;Brown
7912;Green
6191;Blue-grey
1424;Blue-grey
8685;Brown
10141;Blue
952;Green
1987;Brown
1131;Blue
11819;Green
13150;Brown
2901;Brown
12970;Blue
7199;Blue-grey
581;Green
7082;Blue
10123;Green
1588;Blue
3625;Brown
9697;Brown
2456;Blue
1209;Brown
994;Brown
1190;Green
12622;Blue
3122;Brown
11878;Green
12019;Brown
9749;Blue-grey
9548;Blue
3324;Blue
9107;Blue-grey
8701;Green
337;Green
3733;Blue-grey
5408;Brown
9869;Brown
298;Brown
6005;Blue
4258;Green
3097;Blue
10790;Blue-grey
357;Brown
4597;Brown
7565;Brown
7454;Blue
1281;Brown
8178;Brown
5768;Brown
4006;Brown
6120;Brown
10530;Blue-grey
7470;Blue-grey
656;Brown
3908;Blue
4680;Brown
12906;Blue
991;Blue-grey
5833;Brown
9974;Green
7144;Brown
898;Blue-grey
12274;Brown
949;Blue-grey
12422;Green
2616;Brown
9133;Brown
3847;Blue-grey
2287;Brown
2633;Blue
5943;Brown
2498;Blue-grey
7693;Blue-grey
9812;Brown
8598;Brown
8212;Brown
6928;Green
13026;Blue
3688;Green
3340;Brown
5302;Brown
703;Green
7732;Blue-grey
12922;Brown
5154;Green
146;Brown
4837;Brown
4671;Brown
1403;Brown
5743;Green
3304;Brown
10828;Blue-grey
839;Blue-grey
12010;Brown
1036;Brown
10544;Brown
4179;Blue-grey
3865;Blue-grey
881;Blue
9747;Brown
11828;Brown
9323;Green
4230;Brown
3543;Blue-grey
9450;Brown
1503;Blue
4577;Brown
6351;Green
11557;Green
124;Green
10490;Brown
4055;Blue
7636;Blue-grey
3199;Brown
6859;Brown
4587;Green
3615;Brown
3113;Brown
2729;Brown
745;Brown
972;Blue
16;Blue-grey
2393;Green
8135;Green
12739;Blue-grey
12388;Blue-grey
9835;Blue
7312;Brown
7915;Blue
7787;Blue-grey
8948;Blue
4441;Blue
2099;Blue-grey
8319;Blue-grey
3422;Green
6285;Blue
7701;Green
368;Blue-grey
9246;Brown
175;Brown
4235;Green
200;Blue
4648;Blue
5223;Blue
5185;Brown
9158;Blue
1235;Brown
5146;Brown
8204;Green
9969;Brown
4360;Blue-grey
4696;Green
9656;Brown
3326;Green
11802;Blue-grey
3267;Brown
5432;Blue
3179;Blue
1627;Brown
12967;Brown
6879;Brown
762;Brown
285;Brown
9784;Blue
1129;Blue
4801;Blue
8060;Blue-grey
5359;Brown
6131;Brown
7190;Blue
62;Brown
5675;Brown
7011;Blue-grey
3786;Blue
1393;Blue
4499;Blue
2571;Brown
3973;Brown
3682;Blue-grey
3468;Brown
3853;Brown
4983;Blue
13128;Blue
7252;Blue
829;Blue-grey
363;Blue-grey
11062;Green
5568;Blue-grey
11087;Brown
6923;Brown
8947;Blue
7020;Brown
9372;Blue-grey
210;Blue
12224;Blue-grey
4715;Brown
10347;Blue
820;Brown
7759;Brown
2153;Brown
8449;Blue
7708;Brown
6296;Blue
7841;Green
481;Brown
2056;Blue
6085;Brown
865;Green
11;Brown
822;Green
4381;Brown
4990;Brown
1467;Brown
9518;Blue-grey
7156;Brown
3124;Brown
2316;Blue-grey
10036;Brown
3713;Blue
3192;Brown
763;Brown
2276;Brown
10645;Blue
13340;Brown
1039;Blue
2217;Brown
252;Blue
437;Green
4080;Blue
10339;Blue
8090;Blue
466;Brown
3018;Green
2274;Blue-grey
7393;Blue-grey
3015;Brown
8930;Blue-grey
288;Green
2358;Brown
3971;Blue-grey
12214;Blue-grey
8547;Brown
63;Blue
3967;Blue-grey
3813;Blue-grey
4440;Brown
6483;Green
12613;Blue
8561;Blue-grey
1875;Green
503;Blue
9589;Blue-grey
5501;Blue
2665;Brown
4106;Blue
5257;Blue
609;Blue
12741;Blue-grey
7639;Blue
5460;Brown
394;Green
926;Brown
8363;Green
8534;Blue-grey
10246;Brown
734;Blue
2024;Blue
11082;Brown
11458;Blue-grey
4200;Blue
3998;Blue
11585;Brown
10381;Brown
13328;Blue
9781;Green
5850;Blue-grey
5859;Blue-grey
684;Blue-grey
6758;Blue
3234;Green
10430;Brown
8707;Blue-grey
10627;Green
2874;Blue-grey
7931;Blue-grey
589;Brown
5332;Brown
1078;Brown
4859;Brown
903;Blue
1196;Green
6249;Brown
1445;Green
5288;Brown
7345;Blue
1020;Blue
144;Brown
10653;Brown
2361;Green
7028;Brown
2576;Brown
5582;Blue-grey
366;Brown
2454;Blue
1964;Blue
682;Blue
4213;Blue
561;Brown
8788;Brown
339;Brown
12625;Brown
9262;Brown
6065;Brown
44;Brown
850;Blue
6935;Blue-grey
9457;Brown
968;Blue
2797;Blue
4304;Blue-grey
1114;Brown
3048;Brown
11931;Green
5633;Blue
5629;Blue-grey
2023;Green
2568;Green
1825;Brown
3140;Brown
2660;Blue
4941;Green
583;Blue-grey
12152;Blue-grey
5027;Blue
11125;Blue
5514;Green
38;Blue
5495;Blue
2920;Blue
6;Brown
2958;Blue
2907;Brown
158;Brown
8100;Blue-grey
13224;Brown
5515;Brown
749;Blue
12122;Blue
12322;Blue-grey
2715;Blue
2202;Green
579;Blue
3176;Green
2702;Brown
5900;Blue
1077;Blue-grey
12699;Blue-grey
7547;Brown
7080;Brown
6934;Brown
5531;Brown
2554;Blue
473;Blue-grey
7297;Brown
7322;Green
9039;Brown
6206;Blue-grey
9702;Brown
4580;Brown
1668;Brown
512;Blue
6056;Blue-grey
3087;Brown
8655;Blue
1566;Brown
9541;Blue
7134;Brown
5641;Brown
2371;Brown
7510;Blue-grey
6866;Blue-grey
6793;Brown
7055;Brown
154;Brown
3766;Brown
1877;Brown
549;Brown
3265;Blue-grey
6248;Green
5800;Green
567;Green
3050;Brown
9351;Blue-grey
9839;Brown
4133;Blue-grey
6064;Brown
3069;Brown
602;Blue
8567;Blue
6858;Brown
11747;Brown
10;Brown
7358;Brown
5912;Brown
2077;Brown
779;Blue-grey
7757;Brown
6704;Brown
9135;Green
207;Blue
4738;Green
580;Brown
8369;Blue
3499;Brown
4598;Brown
8874;Brown
832;Brown
3248;Green
542;Blue-grey
11944;Green
5821;Blue
10408;Blue-grey
3611;Blue
777;Brown
12650;Brown
7929;Brown
1466;Brown
463;Blue-grey
916;Brown
5235;Blue-grey
4832;Blue-grey
5745;Brown
7280;Green
2629;Green
4735;Brown
4430;Blue-grey
11901;Brown
4064;Green
11012;Blue
4928;Blue
5803;Brown
71;Brown
2177;Blue
5826;Brown
13310;Blue
7585;Brown
7339;Brown
3624;Blue
9081;Brown
8360;Blue-grey
10586;Blue-grey
4613;Blue
4159;Blue-grey
5701;Blue-grey
1764;Blue
4034;Brown
9129;Brown
6045;Blue
1885;Brown
7019;Blue-grey
1991;Brown
12881;Blue-grey
9429;Green
2018;Brown
6695;Brown
11528;Brown
1133;Blue
10497;Green
6989;Blue
13482;Blue
7785;Blue-grey
5487;Blue
2421;Brown
12496;Brown
854;Brown
1066;Blue-grey
539;Brown
2238;Blue
651;Blue
9247;Brown
12243;Blue
5447;Blue
1165;Green
7498;Brown
8415;Brown
3364;Brown
4009;Blue
3595;Blue-grey
7218;Blue
215;Blue
9232;Blue
9486;Blue
118;Brown
8538;Blue-grey
33;Brown
887;Blue
3108;Brown
4502;Brown
3644;Blue
8578;Blue-grey
11643;Brown
5494;Blue
1142;Brown
4507;Brown
5024;Blue-grey
441;Blue
13043;Blue-grey
12334;Brown
2969;Green
11758;Blue
717;Blue-grey
13093;Blue-grey
13278;Blue-grey
11669;Brown
8416;Blue-grey
7471;Brown
8978;Blue-grey
2455;Brown
1125;Brown
1833;Blue
9281;Brown
8951;Blue-grey
9119;Blue-grey
6235;Brown
2166;Blue
8379;Brown
1759;Brown
5351;Blue-grey
10469;Brown
3344;Blue
6993;Brown
12964;Green
352;Blue
2402;Brown
3934;Brown
8;Brown
10171;Brown
6908;Brown
8731;Green
5792;Blue-grey
8046;Brown
7882;Blue-grey
10426;Blue
126;Brown
3046;Brown
7089;Blue
3275;Blue-grey
347;Blue-grey
2398;Green
7610;Brown
7377;Brown
9876;Blue
6874;Brown
9223;Blue
9421;Blue
9799;Brown
187;Brown
9360;Brown
1519;Brown